47608,.DN-0750-CD-SW
47659,.DN-0750-CD-SW
47665,.DN-0750-CD-SW
47702,.DN-0750-CD-SW
47710,.DN-0750-CD-SW
47719,.DN-0750-CD-SW
47720,.DN-0750-SX-SW
47721,.DN-0750-SX-SW
47722,.DN-0750-SX-SW
47723,.DN-0750-SX-SW
47724,.DN-0750-SX-SW
47725,.DN-0750-SX-SW
47726,.DN-0750-SX-SW
47728,.DN-0750-SX-SW
47729,.DN-0750-SX-SW
47730,.DN-0750-SX-SW
47731,.DN-0750-SX-SW
47775,.DN-0750-SX-SW
47776,.DN-0750-SX-SW
47779,.DN-0750-SX-SW
47781,.DN-0750-SX-SW
47782,.DN-0750-SX-SW
47853,.DN-0600-CD-SS
47885,.DN-0750-CD-2B
47886,"says .DN-0750-CD-2B, but really .DN-0750-CD-SW"
47887,"says .DN-0750-CD-2B, but really .DN-0750-CD-SS"
47888,.DN-0750-CD-2B
47889,"says .DN-0750-CD-2B, but really .DN-0750-CD-SS"
47890,"says .DN-0750-CD-2B, but really .DN-0750-CD-SS"
47891,"says .DN-0750-CD-2B, but really .DN-0750-CD-SS"
47894,.DN-0750-CD-2B
47893,"says nothing, but really .DN-0750-CD-SS"
47918,.DN-0750-CD-SS
47932,.DN-0750-CD-SS
47936,.DN-0750-CD-SS
47955,.DN-0750-CD-SS
47956,.DN-0750-CD-SS
47958,.DN-0750-SX-SW
47959,.DN-0750-SX-SW
47961,.DN-0750-SX-SW
47962,.DN-0750-SX-SW
47963,.DN-0750-SX-SW
47964,.DN-0750-SX-SW
47979,"says .DN-0750-SX-2B, but really .DN-0750-SX-SW"
47980,.DN-0750-SX-2B
47982,.DN-0750-SX-SW
47985,.DN-0750-SX-SW
47989,.DN-0750-CD-SS
47990,.DN-0750-CD-SS
47991,.DN-0750-CD-SS
47996,.DN-0750-CD-SS
47997,.DN-0750-CD-SS
47998,.DN-0750-CD-SW
47999,.DN-0750-CD-SW
48000,.DN-0750-CD-SW
48002,.DN-0750-CD-SW
48003,.DN-0750-CD-2B
48004,.DN-0750-SX-2B
48005,.DN-0750-SX-2B
48006,.DN-0750-CD-2B
48008,.DN-0750-SX-SW
48009,.DN-0750-SX-SW
48010,.DN-0750-SX-SW
48012,.DN-0750-SX-SW
48057,.DN-0750-CD-SS
48058,.DN-0750-CD-SS
48060,.DN-0750-CD-SS
48061,.DN-0750-CD-SS
48062,.DN-0750-CD-SS
48064,.DN-0750-CD-SS
48065,.DN-0750-CD-SS
48066,.DN-0750-CD-SS
48068,.DN-0750-CD-SS
48069,.DN-0750-CD-SS
48070,.DN-0750-CD-SS
48071,.DN-0750-CD-SS
48072,.DN-0750-CD-SS
48073,.DN-0750-CD-SS
48074,.DN-0750-CD-SS
48079,.DN-0750-CD-SS
48080,.DN-0750-CD-SS
48081,.DN-0750-CD-SS
48082,.DN-0750-CD-SS
48083,.DN-0750-CD-SS
48087,.DN-0750-CD-SS
48088,.DN-0750-CD-SS
48089,.DN-0750-CD-SS
48093,.DN-0600-CD-SS
48094,.DN-0750-CD-SS
48103,.DN-0750-CD-SS
48104,.DN-0750-CD-SS
48107,.DN-0750-CD-SS
48108,.DN-0750-CD-SS
48109,.DN-0750-CD-SS
48110,.DN-0750-CD-SS
48111,.DN-0750-CD-SS
48112,.DN-0600-CD-SS
48113,.DN-0600-CD-SS
48114,.DN-0600-CD-SS
48115,.DN-0750-CD-SS
48116,.DN-0750-CD-SS
48117,.DN-0750-CD-SS
48118,.DN-0750-CD-SS
48119,.DN-0750-CD-SS
48120,.DN-0600-CD-SS
48121,.DN-0600-CD-SS
48122,.DN-0750-CD-SS
48123,.DN-0750-CD-SS
48124,.DN-0600-CD-2B
48125,.DN-0600-CD-2B
48126,.DN-0600-CD-2B
48127,.DN-0600-CD-2B
48129,.DN-0750-SX-2B
48130,.DN-0750-SX-2B
48131,"says .DN-0750-SX-2B, but really .DN-0750-SX-SS"
48132,.DN-0750-SX-2B
48133,.DN-0750-SX-2B
48134,.DN-0750-SX-2B
48135,.DN-0750-SX-2B
48136,.DN-0750-SX-2B
48137,.DN-0750-CD-SS
48151,.DN-0600-CD-SS
48155,.DN-0600-CD-SS
48156,.DN-0600-CD-SS
48157,.DN-0750-SX-2B
48158,.DN-0750-SX-2B
48159,.DN-0750-SX-2B
48160,.DN-0750-SX-2B
48164,.DN-1000-CD-2B
48166,.DN-1000-CD-2B
48168,.DN-1000-CD-2B
48172,.DN-0750-SX-2B
48173,.DN-0750-SX-2B
48174,"says .DN-0750-SX-2B, but really .DN-0750-SX-SW"
48175,"says .DN-0750-CD-2B, but really .DN-0750-CD-SW"
48176,"says .DN-0750-SX-2B, but really .DN-0750-SX-SW"
48177,.DN-0750-CD-2B
48178,.DN-0750-CD-2B
48179,.DN-0750-CD-2B
48180,.DN-0750-CD-2B
48181,.DN-0750-CD-2B
48182,.DN-0750-CD-2B
48183,"says .DN-0750-CD-2B, but really .DN-0750-CD-SS"
48186,.DN-0750-SX-SS
48187,.DN-0750-SX-SS
48188,.DN-0750-SX-SS
48189,.DN-0750-SX-SS
48193,.DN-0750-CD-SS
48194,.DN-0750-CD-SS
48196,.DN-0750-CD-SS
48198,.DN-0750-CD-SS
48200,.DN-0750-CD-SS
48219,.DN-0750-CD-SS
48221,.DN-0750-CD-SS
48223,.DN-0750-CD-SS
48233,.DN-0750-SX-SS
48235,.DN-0750-SX-SS
48251,.DN-0750-CD-SS
48252,.DN-0750-CD-SS
48255,.DN-0600-CD-2B
48256,"says .DN-0600-CD-2B, but really .DN-0600-CD-SS"
48257,.DN-0600-CD-2B
48258,.DN-0600-CD-2B
48259,.DN-0600-CD-2B
48260,.DN-0600-CD-2B
48261,.DN-0600-CD-2B
48263,.DN-0600-CD-2B
48265,.DN-0600-CD-2B
48267,.DN-0750-CD-SS
48268,.DN-0750-CD-SS
48269,.DN-0750-CD-SS
48270,.DN-0750-CD-2B
48271,.DN-0750-CD-SS
48272,.DN-0750-CD-SS
48273,.DN-0750-CD-SS
48275,.DN-0750-CD-SW
48276,.DN-0750-CD-SW
48278,.DN-0750-CD-SS
48279,.DN-1000-CD-2B
48280,.DN-1000-CD-2B
48281,.DN-1000-CD-2B
48284,.DN-0750-CD-SS
48285,.DN-0750-CD-SS
48286,.DN-0750-CD-SW
48287,.DN-0750-CD-SW
48288,.DN-0750-CD-SS
48291,"says .DN-0750-CD-2B, but really .DN-0750-CD-SS"
48292,.DN-0750-CD-2B
48293,"says .DN-0750-CD-2B, but really .DN-0750-CD-SW"
48295,.DN-0600-CD-SS
48297,.DN-0600-CD-SS
48298,.DN-0750-CD-SS
48299,.DN-0600-CD-SS
48302,.DN-0600-CD-SS
48303,.DN-0600-CD-SS
48304,.DN-0600-CD-SW
48305,.DN-0600-CD-SW
48309,.DN-0750-CD-2B
48310,"says .DN-0750-CD-2B, but really .DN-0750-CD-SS"
48311,.DN-0750-CD-2B
48312,.DN-0750-CD-2B
48313,.DN-0600-CD-2B
48314,"says .DN-0750-CD-2B, but really .DN-0750-CD-SW"
48315,.DN-0750-CD-2B
48316,"says .DN-450-CD-2B, but really .DN-450-CD-SS"
48326,.DN-0600-CD-SS
48330,.DN-0750-SX-SW
48332,.DN-0750-SX-SW
48333,.DN-0750-SX-SW
48334,.DN-0750-SX-SW
48336,.DN-0750-CD-SW
48337,.DN-0750-CD-2B
48338,.DN-0750-SX-SW
48339,.DN-0750-CD-2B
48340,.DN-0750-CD-2B
48341,.DN-0750-CD-2B
48342,.DN-0750-CD-2B
48343,.DN-0750-CD-2B
48344,.DN-0750-CD-2B
48345,"says .DN-0750-CD-2B, but really .DN-0750-CD-SS"
48347,.DN-0750-CD-SW
48348,.DN-0750-CD-SW
48353,.DN-0750-SX-SW
48354,.DN-0750-SX-SW
48359,.DN-0750-SX-SW
48361,.DN-0750-SX-2B
48363,.DN-0750-SX-2B
48366,.DN-0750-SX-2B
48367,"says .DN-0750-SX-2B, but really .DN-0750-SX-SW"
48368,LSN-0750-SX-2B
48369,LSN-0750-SX-2B
48370,.DN-0750-SX-2B
48533,.DN-0750-CD-SS
48539,.DN-0750-CD-SS
48543,.DN-0750-CD-2B
48544,.DN-0750-CD-2B
48546,.DN-0750-CD-2B
48547,.DN-0750-CD-2B
48551,.DN-0750-SX-2B
48552,.DN-0750-CD-2B
48555,.DN-0750-CD-2B
48558,.DN-0750-CD-2B
48559,.DN-0750-CD-2B
48560,.DN-0750-CD-2B
48561,.DN-0750-CD-2B
48579,.DN-0750-SX-2B
48580,.DN-0750-SX-SS
48594,.DN-0750-CD-2B
48595,.DN-0750-CD-2B
48596,.DN-0750-CD-2B
48597,.DN-0750-CD-2B
48598,.DN-0750-CD-2B
48599,.DN-0750-CD-2B
48602,.DN-0750-CD-2B
48603,.DN-0750-CD-2B
48604,"says .DN-0750-CD-2B, but really .DN-0750-CD-SS"
48605,.DN-0750-CD-2B
48606,"says .DN-0750-CD-2B, but really .DN-0750-CD-SS"
48609,.DN-0750-CD-2B
48611,.DN-0750-CD-2B
48614,"says .DN-0750-CD-2B, but really .DN-0750-CD-SW"
48615,"says .DN-0750-CD-2B, but really .DN-0750-CD-SW"
48616,"says .DN-0750-CD-2B, but really .DN-0750-CD-SS"
48617,.DN-0750-CD-2B
48618,.DN-0750-CD-2B
48619,.DN-0750-CD-2B
48620,.DN-0750-CD-2B
48622,.DN-0750-CD-2B
48623,"says .DN-0750-CD-2B, but really .DN-0750-CD-SW"
48630,"says .DN-0750-CD-2B, but really .DN-0750-CD-SW"
48631,.DN-0750-CD-2B
48632,.DN-0750-CD-2B
48634,.DN-0750-CD-2B
48636,.DN-0750-CD-SS
48638,.DN-0750-CD-SS
48639,.DN-0750-CD-SS
48640,.DN-0750-CD-SS
48641,.DN-0750-CD-SS
48642,.DN-0750-CD-SS
48643,.DN-0750-CD-SS
48644,.DN-0750-CD-SS
48646,LSN-0750-SX-2B
48647,LSN-0750-SX-2B
48648,LSN-0750-SX-2B
48649,"says LSN-0750-SX-2B, but really LSN-0750-SX-SS"
48651,LSN-0750-SX-2B
48652,LSN-0750-SX-2B
48653,.DN-0750-CD-2B
48654,.DN-0750-CD-2B
48655,.DN-0750-CD-SS
48656,.DN-0750-CD-2B
48657,.DN-0750-CD-2B
48658,.DN-0750-CD-2B
48659,.DN-0750-CD-2B
48660,.DN-0750-CD-2B
48661,.DN-0750-CD-2B
48666,.DN-0750-CD-2B
48668,"says .DN-0750-CD-2B, but really .DN-0750-CD-SS"
48669,.DN-0750-CD-2B
48670,.DN-0750-CD-2B
48671,.DN-0750-CD-2B
48672,.DN-0750-CD-2B
48710,.DN-0750-CD-SS
48711,.DN-0750-CD-SS
48712,.DN-0750-CD-SS
48714,.DN-0750-CD-SS
48715,.DN-0750-CD-SS
48716,.DN-0750-CD-SS
48717,.DN-0750-CD-SS
48718,.DN-0750-CD-SS
48721,.DN-0600-CD-SS
48722,.DN-0600-CD-SS
48723,.DN-0600-CD-SS
48725,.DN-0600-CD-SS
48726,.DN-0600-CD-SS
48735,.DN-0750-CD-SS
48738,.DN-0750-CD-SS
48740,.DN-0750-CD-SS
48743,.DN-450-CD-SS
48745,.DN-0750-CD-SS
48749,.DN-0750-CD-SS
48750,.DN-0750-CD-SS
48752,.DN-0600-CD-SS
48755,.DN-450-CD-SS
48757,.DN-0750-CD-SS
48758,.DN-0750-CD-SS
48759,.DN-0750-CD-SS
48760,.DN-0750-CD-SS
48761,.DN-0750-CD-SS
48762,.DN-0750-CD-SS
48763,.DN-0600-SF-SS
48764,.DN-0600-SF-SS
48765,.DN-0600-SF-SS
48766,.DN-0600-SF-SS
48767,.DN-0600-SF-SS
48768,.DN-0600-SF-SS
48769,.DN-0600-SF-SS
48772,.DN-0750-CD-SS
48777,.DN-0750-CD-SS
48778,.DN-0750-CD-SS
48779,.DN-0750-CD-SS
48780,.DN-0750-CD-SS
48788,.DN-0750-CD-SS
48789,.DN-0750-CD-SS
48791,.DN-0750-CD-SS
48797,.DN-0600-CD-SS
48798,.DN-0600-CD-SS
48799,.DN-0600-CD-SS
48800,.DN-0600-CD-SS
48801,.DN-0600-CD-SS
48802,.DN-0600-CD-SS
48803,.DN-0600-CD-SS
48804,.DN-0600-CD-SS
48805,.DN-0600-CD-SS
48806,.DN-0750-CD-SS
48807,.DN-0750-CD-SS
48808,.DN-0750-CD-SS
48809,.DN-0750-CD-SS
48811,.DN-0750-CD-SS
48812,.DN-0750-CD-SS
48813,.DN-0750-CD-SS
48816,.DN-0750-CD-SS
48817,.DN-0750-CD-SS
48818,.DN-0750-CD-SS
48819,.DN-0750-CD-SS
48820,.DN-0750-CD-SS
48821,.DN-0750-CD-SS
48822,.DN-0750-CD-SS
48823,.DN-0750-CD-SS
48824,.DN-0750-CD-SS
48825,.DN-0750-CD-SS
48826,.DN-0750-CD-SS
48827,.DN-0750-CD-SS
48828,.DN-0750-CD-SS
48829,.DN-0750-CD-SS
48830,.DN-0750-CD-SS
48832,.DN-0750-CD-SS
48834,.DN-0750-CD-SS
48835,.DN-0750-CD-SS
48836,.DN-0750-CD-SS
48840,.DN-0600-CD-SS
48841,.DN-0600-CD-SS
48842,.DN-0600-CD-SS
48844,.DN-0600-CD-SS
48845,.DN-0600-CD-SS
48846,.DN-0600-CD-SS
48847,.DN-0750-CD-SS
48849,.DN-0750-CD-SS
48850,.DN-0750-SX-SS
48851,.DN-0750-SX-SS
48853,.DN-0750-CD-SS
48863,.DN-0750-SX-SS
48864,.DN-0750-SX-SS
48866,.DN-0750-SX-SS
48867,.DN-0750-SX-SS
48868,.DN-0750-CD-SS
48869,.DN-0750-CD-SS
48870,.DN-0750-CD-SS
48871,.DN-0750-CD-SS
48872,.DN-0750-CD-SS
48873,.DN-0750-CD-SS
48874,.DN-0750-CD-SS
48879,.DN-0750-CD-SS
48880,.DN-0750-CD-SS
48882,.DN-0750-CD-SS
48883,.DN-0750-CD-SS
48884,.DN-450-CD-SS
48885,.DN-450-CD-SS
48886,.DN-0750-CD-SS
48888,.DN-0750-SX-SS
48889,.DN-0750-SX-SS
48890,.DN-0750-CD-SS
48892,.DN-0750-CD-SS
48893,.DN-0750-CD-SS
48894,.DN-0750-CD-SS
48895,.DN-0750-CD-SS
48896,.DN-0750-CD-SS
48898,.DN-0750-SX-SS
48899,.DN-0750-SX-SS
48900,.DN-0750-SX-SS
48901,.DN-0750-SX-SS
48902,.DN-0750-CD-SS
48903,.DN-0750-CD-SS
48904,.DN-0750-CD-SS
48906,.DN-0750-CD-SS
48907,.DN-0750-CD-SS
48908,.DN-0750-CD-SS
48909,.DN-0750-SX-SS
48910,.DN-0750-CD-SS
48911,.DN-0750-CD-SS
48912,.DN-0750-CD-SS
48913,.DN-0750-CD-SS
48915,.DN-0750-CD-SS
48916,.DN-0750-SX-SS
48917,.DN-0750-SX-SS
48918,.DN-0750-CD-SS
48919,.DN-0750-CD-SS
48920,.DN-0750-CD-SS
48921,.DN-0750-CD-SS
48925,.DN-0750-SX-SS
48926,.DN-0750-SX-SS
48927,.DN-0750-SX-SS
48928,.DN-0750-SX-SS
48929,.DN-0750-SX-SS
48930,.DN-0750-SX-SS
48931,.DN-0750-SX-SS
48932,.DN-0750-SX-SS
48933,.DN-0750-SX-SS
48934,.DN-0750-SX-SS
48935,.DN-0750-SX-SS
48936,.DN-0750-SX-SS
49033,.DN-0750-CD-SW
49034,.DN-0750-CD-SW
49035,.DN-0750-CD-SW
49036,.DN-0750-CD-SW
49037,.DN-0750-CD-SW
49038,.DN-0750-CD-SW
49039,.DN-0750-CD-2B
49040,.DN-0750-CD-2B
49042,.DN-0750-CD-2B
49045,.DN-0750-CD-2B
49046,.DN-0750-CD-2B
49047,.DN-0750-CD-2B
49048,.DN-0750-CD-2B
49049,.DN-0750-CD-2B
49050,.DN-0750-CD-2B
49051,.DN-0750-CD-2B
49052,LSN-0750-SX-2B
49054,"says LSN-0750-SX-2B, but really LSN-0750-SX-SW"
49055,LSN-0750-SX-2B
49056,"says LSN-0750-SX-2B, but really LSN-0750-SX-SS"
49057,LSN-0750-SX-2B
49058,LSN-0750-SX-2B
49059,LSN-0750-SX-2B
49060,LSN-0750-SX-2B
49061,LSN-0750-SX-2B
49062,LSN-0750-SX-2B
49063,LSN-0750-SX-2B
49066,.DN-0750-SX-2B
49069,.DN-0750-SX-2B
49070,.DN-0750-CD-2B
49071,.DN-0750-CD-2B
49072,.DN-0750-CD-2B
49073,.DN-0750-CD-SS
49074,.DN-0750-CD-2B
49075,.DN-0750-CD-2B
49076,.DN-0750-CD-2B
49077,"says .DN-0750-CD-2B, but really .DN-0750-CD-SS"
49078,.DN-0750-CD-2B
49080,.DN-0750-CD-2B
49081,.DN-0750-CD-2B
49082,.DN-0750-CD-2B
49084,"says .DN-0750-CD-2B, but really .DN-0750-CD-SS"
49085,"says .DN-0750-CD-2B, but really .DN-0750-CD-SS"
49087,.DN-0750-CD-SS
49088,.DN-0750-CD-2B
49089,.DN-0750-SX-2B
49091,.DN-0750-CD-2B
49092,"says .DN-0750-SX-2B, but really .DN-0750-SX-SW"
49093,"says .DN-0750-SX-2B, but really .DN-0750-SX-SW"
49094,.DN-0750-CD-2B
49095,.DN-0750-SX-2B
49099,.DN-0750-SX-SW
49101,"says .DN-0750-SX-2B, but really .DN-0750-SX-SW"
49102,.DN-0750-SX-2B
49103,"says .DN-0750-SX-2B, but really .DN-0750-SX-SS"
49104,.DN-0750-SX-2B
49105,"says .DN-0750-SX-2B, but really .DN-0750-SX-SW"
49106,.DN-0750-SX-2B
49107,.DN-0750-CD-2B
49108,.DN-0750-CD-2B
49109,.DN-0750-CD-2B
49110,.DN-0750-CD-2B
49111,.DN-0750-CD-2B
49112,"says .DN-0750-CD-2B, but really .DN-0750-CD-SS"
49113,"says .DN-0750-CD-2B, but really .DN-0750-CD-SS"
49117,.DN-0750-CD-2B
49118,.DN-0750-CD-2B
49119,.DN-0750-CD-2B
49120,.DN-0600-CD-2B
49121,"says .DN-0600-CD-2B, but really .DN-0600-CD-SW"
49122,.DN-0600-CD-2B
49123,.DN-0600-CD-2B
49124,.DN-0600-CD-2B
49125,.DN-0600-CD-2B
49126,.DN-0750-CD-2B
49127,.DN-0750-CD-2B
49128,"says .DN-0600-CD-2B, but really .DN-0600-CD-SS"
49129,.DN-0600-CD-2B
49130,"says .DN-0600-CD-2B, but really .DN-0600-CD-SS"
49131,.DN-0600-CD-2B
49134,.DN-0750-SX-2B
49135,.DN-0750-SX-2B
49136,.DN-0750-SX-2B
49137,"says .DN-0750-SX-2B, but really .DN-0750-SX-SW"
49138,.DN-0750-SX-2B
49139,.DN-0750-CD-2B
49140,"says .DN-0750-CD-2B, but really .DN-0750-CD-SW"
49141,.DN-0750-SX-2B
49142,.DN-0750-CD-2B
49143,.DN-0750-CD-2B
49145,.DN-0750-CD-2B
49146,.DN-0750-CD-2B
49147,.DN-0750-CD-2B
49148,"says .DN-0750-CD-2B, but really .DN-0750-CD-SW"
49149,.DN-0750-CD-2B
49150,.DN-0750-CD-2B
49151,.DN-0750-CD-2B
49152,.DN-0750-CD-2B
49154,.DN-0750-CD-2B
49157,.DN-0750-CD-2B
49159,.DN-0750-CD-2B
49162,says .DN-0600-CD-2B but really .DN-0600-CD-SW
49163,.DN-0600-CD-2B
49164,says .DN-0600-CD-2B but really .DN-0600-CD-SW
49166,says .DN-0600-CD-2B but really .DN-0600-CD-SW
49167,says .DN-0600-CD-2B but really .DN-0600-CD-SS
49168,.DN-0600-CD-2B
49169,.DN-0600-CD-2B
49170,.DN-450-CD-2B
49171,says .DN-450-CD-2B but really .DN-450-CD-SW
49172,.DN-0750-CD-2B
49173,.DN-0750-CD-2B
49174,.DN-450-CD-2B
49175,.DN-450-CD-2B
49177,.DN-0750-SX-SW
49178,.DN-0750-CD-2B
49179,.DN-0750-CD-2B
49180,.DN-0750-CD-2B
49181,says .DN-0750-CD-2B but really .DN-0750-CD-SW
49182,.DN-0750-CD-2B
49183,.DN-0750-CD-2B
49184,.DN-0750-CD-2B
49186,says .DN-0750-CD-2B but really .DN-0750-CD-SW
49187,.DN-0750-CD-2B
49188,.DN-0750-CD-2B
49189,.DN-0750-CD-2B
49190,.DN-0750-CD-2B
49191,.DN-0750-CD-2B
49192,.DN-0750-CD-2B
49194,.DN-0750-CD-2B
49195,.DN-0750-CD-2B
49196,.DN-0750-SX-2B
49197,.DN-0750-SX-2B
49198,.DN-0750-SX-2B
49200,.DN-0750-SX-2B
49204,.DN-0750-SX-2B
49205,.DN-0750-CD-2B
49206,.DN-0750-SX-2B
49208,.DN-1000-CD-2B
49209,.DN-1000-CD-2B
49210,says .DN-1000-CD-2B but really .DN-1000-CD-SS
49211,.DN-1000-CD-2B
49212,LSN-0750-SX-2B
49213,LSN-0750-SX-2B
49214,LSN-0750-SX-2B
49215,LSN-0750-SX-2B
49216,LSN-0750-SX-2B
49217,LSN-0750-SX-2B
49218,LSN-0750-SX-2B
49219,LSN-0750-SX-2B
49220,LSN-0750-SX-2B
49239,.DN-1000-CD-2B
49240,.DN-1000-CD-2B
49241,.DN-1000-CD-2B
49242,.DN-1000-CD-2B
49243,.DN-0750-CD-2B
49244,.DN-0750-CD-2B
49245,.DN-0750-CD-2B
49246,.DN-0750-CD-2B
49247,.DN-0750-CD-2B
49248,.DN-0750-CD-2B
49249,.DN-0750-CD-2B
49250,.DN-0750-CD-2B
49256,.DN-1000-CD-2B
49257,says .DN-1000-CD-2B but really .DN-1000-CD-SS
49258,.DN-1000-CD-2B
49259,LSN-0750-SX-2B
49260,LSN-0750-SX-2B
49261,.DN-0750-CD-2B
49262,USN-0750-SX-2B
49266,.DN-0750-SX-2B
49267,.DN-0750-SX-2B
49268,.DN-0750-SX-SS
49269,.DN-0750-SX-2B
49270,.DN-0750-CD-2B
49271,says .DN-0750-CD-2B but really .DN-0750-CD-SW
49272,.DN-0750-CD-2B
49273,.DN-0750-SX-2B
49274,.DN-0750-SX-2B
49275,.DN-0750-SX-2B
49276,.DN-0750-SX-2B
49281,.DN-0750-SX-SW
49282,.DN-0750-SX-SW
49283,.DN-0750-CD-SW
49286,.DN-0750-SX-SW
49289,.DN-0750-SX-SW
49290,.DN-0750-SX-SW
49291,.DN-0750-CD-SW
49292,.DN-0750-CD-SW
49293,.DN-0750-CD-SW
49295,.DN-0750-SX-SW
49296,.DN-0750-SX-SW
49297,.DN-0750-SX-SW
49298,.DN-0750-SX-SW
49299,.DN-0750-SX-SW
49301,.DN-0750-SX-SW
49302,.DN-0750-SX-SW
49303,.DN-0750-CD-SW
49304,.DN-0750-CD-SW
49310,.DN-0750-CD-2B
49312,.DN-0750-XD-2B
49313,.DN-0750-CD-2B
49314,.DN-0750-CD-2B
49315,.DN-0750-XD-2B
49317,says .DN-0750-CD-2B but really .DN-0750-CD-SW
49318,says .DN-0750-XD-2B but really .DN-0750-XD-SW
49319,says .DN-0750-CD-2B but really .DN-0750-CD-SW
49320,.DN-0750-XD-2B
49321,.DN-0750-CD-2B
49323,.DN-0750-SX-2B
49324,.DN-0750-SX-2B
49325,says .DN-0750-SX-2B but really .DN-0750-SX-SS
49326,.DN-0750-SX-2B
49327,.DN-0750-SX-SW
49328,.DN-0750-SX-SW
49336,.DN-0750-CD-2B
49337,.DN-0750-CD-2B
49338,.DN-0750-CD-2B
49339,.DN-0750-CD-2B
49340,.DN-0750-CD-2B
49341,.DN-0750-CD-2B
49342,.DN-0750-CD-2B
49343,says .DN-0750-CD-2B but really .DN-0750-CD-SW
49344,.DN-0750-CD-2B
49345,.DN-0750-CD-2B
49346,.DN-0750-CD-2B
49347,.DN-0750-CD-2B
49351,.DN-0750-CD-2B
49352,.DN-0750-CD-2B
49353,.DN-0750-CD-SS
49354,.DN-0750-CD-2B
49355,.DN-0750-CD-2B
49356,.DN-0750-CD-SS
49357,.DN-0750-CD-2B
49358,.DN-0750-CD-2B
49359,.DN-0750-CD-2B
49360,.DN-0600-CD-2B
49363,.DN-0600-CD-SW
49364,.DN-1000-CD-2B
49365,.DN-1000-CD-2B
49366,says .DN-0600-CD-2B but really .DN-0600-CD-SS
49367,.DN-0600-CD-2B
49368,.DN-0600-CD-2B
49370,.DN-0600-CD-2B
49371,.DN-0600-CD-2B
49373,.DN-0600-XD-SW
49374,.DN-0600-XD-SW
49376,.DN-0750-CD-2B
49377,.DN-0750-CD-2B
49378,.DN-0750-CD-2B
49379,.DN-0750-CD-2B
49380,.DN-0750-CD-2B
49383,says .DN-1000-CD-2B but really .DN-1000-CD-SW
49384,says .DN-1000-CD-2B but really .DN-1000-CD-SW
49385,says .DN-1000-CD-2B but really .DN-1000-CD-SW
49386,.DN-1000-CD-2B
49387,.DN-1000-CD-2B
49388,.DN-0750-CD-2B
49389,.DN-0750-CD-2B
49390,.DN-0750-CD-2B
49391,says .DN-0750-CD-2B but really .DN-0750-CD-SW
49392,.DN-0750-CD-2B
49394,.DN-0750-CD-2B
49395,says .DN-0750-CD-2B but really .DN-0750-CD-SW
49396,.DN-0750-CD-2B
49397,.DN-0750-CD-2B
49398,.DN-0750-SX-2B
49399,.DN-0750-SX-2B
49400,.DN-0750-CD-2B
49401,.DN-0750-CD-2B
49404,.DN-0750-CD-2B
49405,.DN-0750-CD-2B
49407,.DN-0750-SX-SW
49408,.DN-0750-SX-SW
49409,.DN-0750-SX-SW
49410,.DN-0750-CD-2B
49411,says .DN-0750-CD-2B but really .DN-0750-CD-SW
49412,.DN-0750-CD-2B
49413,.DN-1000-CD-2B
49414,.DN-1000-CD-2B
49415,.DN-1000-CD-2B
49416,.DN-1000-CD-2B
49417,.DN-0750-CD-2B
49418,.DN-0750-CD-2B
49419,.DN-0750-CD-2B
49420,.DN-0750-CD-2B
49421,.DN-0600-CD-2B
49422,.DN-0750-CD-2B
49423,.DN-0600-CD-2B
49425,.DN-1000-CD-2B
49426,.DN-1000-CD-2B
49427,says .DN-1000-CD-2B but really .DN-1000-CD-SS
49428,says .DN-1000-CD-2B but really .DN-1000-CD-SS
49429,.DN-1000-CD-2B
49430,.DN-1000-CD-2B
49431,.DN-1000-CD-2B
49432,.DN-1000-CD-2B
49433,says .DN-1000-CD-2B but really .DN-1000-CD-SS
49434,.DN-0600-CD-2B
49435,.DN-0600-CD-2B
49436,.DN-0600-CD-2B
49437,.DN-0600-CD-2B
49438,.DN-0600-CD-2B
49439,.DN-0600-CD-2B
49442,.DN-0600-CD-2B
49444,.DN-0600-CD-2B
49445,.DN-0600-CD-2B
49447,.DN-0750-CD-SW
49449,.DN-0750-SX-SW
49450,.DN-0750-SX-SW
49451,.DN-0600-CD-2B
49452,.DN-0750-CD-SW
49453,.DN-0750-SX-SW
49454,says .DN-0750-SX-2B but really .DN-0750-SX-SW
49456,.DN-0750-SX-2B
49457,.DN-0600-CD-2B
49458,.DN-0600-CD-2B
49459,.DN-0750-CD-SW
49460,says .DN-0600-CD-2B but really .DN-0600-CD-SS
49461,.DN-0600-CD-2B
49462,.DN-0600-CD-2B
49463,.DN-0600-CD-2B
49464,.DN-0600-CD-2B
49465,.DN-0600-SF-2B
49466,.DN-0600-SF-2B
49467,.DN-0600-SF-2B
49468,.DN-0600-SF-2B